{"name":"738ee0b6-f8c8-4cc8-bc48-561ce429d7d7","id":"/providers/Microsoft.Flow/flows/738ee0b6-f8c8-4cc8-bc48-561ce429d7d7","type":"Microsoft.Flow/flows","properties":{"apiId":"/providers/Microsoft.PowerApps/apis/shared_logicflows","displayName":"Dynamics 365 deployment from LCS","definition":{"metadata":{"workflowEntityId":null,"processAdvisorMetadata":null,"flowChargedByPaygo":null,"flowclientsuspensionreason":"None","flowclientsuspensiontime":null,"flowclientsuspensionreasondetails":null,"creator":{"id":"4f3946e9-1792-48c1-8e36-857007ac6bc8","type":"User","tenantId":"42f5d683-190c-4eb3-94b5-dc236434ade6"},"provisioningMethod":"FromDefinition","failureAlertSubscription":true,"clientLastModifiedTime":"2024-08-12T16:43:59.486632Z","connectionKeySavedTimeKey":"2024-08-12T16:43:59.486632Z"},"$schema":"https://schema.management.azure.com/providers/Microsoft.Logic/schemas/2016-06-01/workflowdefinition.json#","contentVersion":"1.0.0.0","parameters":{"$connections":{"defaultValue":{},"type":"Object"},"$authentication":{"defaultValue":{},"type":"SecureObject"}},"triggers":{"When_a_new_email_arrives_(V3)":{"splitOn":"@triggerOutputs()?['body/value']","metadata":{"operationMetadataId":"ca285774-28aa-416d-8a40-a2f7a9da81f8","Id::AQMkADFhYjkyMgA5ZC0zODA1LTRmMWYtODQyYy0yNjRlMzkwMjU3YjUALgAAA9uO0c3hTRJJobvlMUW_5jsBALWy1n3MWYNDrCHDKeN8nO0AAAIBDAAAAA==":"Inbox"},"type":"OpenApiConnectionNotification","inputs":{"host":{"apiId":"/providers/Microsoft.PowerApps/apis/shared_office365","connectionName":"shared_office365","operationId":"OnNewEmailV3"},"parameters":{"folderPath":"Id::AQMkADFhYjkyMgA5ZC0zODA1LTRmMWYtODQyYy0yNjRlMzkwMjU3YjUALgAAA9uO0c3hTRJJobvlMUW_5jsBALWy1n3MWYNDrCHDKeN8nO0AAAIBDAAAAA==","to":"c-max.nguyen@cooksolutionsgroup.com","subjectFilter":"Servicing operation status change for"},"authentication":"@parameters('$authentication')"}}},"actions":{"Email_subject":{"runAfter":{"CardComposing":["Failed","Skipped"]},"cases":{"Complete":{"case":"Servicing operation status change for CSG-TEST | Current status: Complete","actions":{"Post_message_in_a_chat_or_channel":{"runAfter":{},"metadata":{"operationMetadataId":"7ff3cf48-f31d-4ff3-bba0-8b544bf04c41"},"type":"OpenApiConnection","inputs":{"host":{"apiId":"/providers/Microsoft.PowerApps/apis/shared_teams","connectionName":"shared_teams","operationId":"PostMessageToConversation"},"parameters":{"poster":"Flow bot","location":"Channel","body/recipient/groupId":"8ac47dff-43b1-49bd-bd29-ccc3e5d619f4","body/recipient/channelId":"19:O9M1BfkiUEL40wxGAFlvlb8HyRtkBCu1-be60uzAAgw1@thread.tacv2","body/messageBody":"<p class=\"editor-paragraph\">Your Dynamics Lifecycle Services environment has a service status change The service for your Dynamics Lifecycle Services environment, <a class=\"editor-link\" href=\"https://lcs.dynamics.com/V2/EnvironmentDetailsV3New/1734243?EnvironmentId=02170497-ff20-483b-a2a8-6345cd90b449&amp;IsCloudEnvironment=true&amp;IsDiagnosticsEnabledEnvironment=false\">CSG-TEST</a>, has a status change.</p><ul class=\"editor-list-ul\"><li class=\"editor-listitem\">Project ID: 1734243</li><li class=\"editor-listitem\">Project name: CSG D365 F&amp;O (10.0.37)</li><li class=\"editor-listitem\">Organization name: Cook Solutions Group</li><li class=\"editor-listitem\">Environment name: CSG-TEST</li><li class=\"editor-listitem\">Status: <b><strong class=\"editor-text-bold\">Complete</strong></b></li></ul>"},"authentication":"@parameters('$authentication')"}}}},"In_progress":{"case":"Servicing operation status change for CSG-TEST | Current status: In progress","actions":{"Post_message_in_a_chat_or_channel-copy":{"runAfter":{},"metadata":{"operationMetadataId":"531d47c4-7d34-4eb0-9544-89781909bc89"},"type":"OpenApiConnection","inputs":{"host":{"apiId":"/providers/Microsoft.PowerApps/apis/shared_teams","connectionName":"shared_teams","operationId":"PostMessageToConversation"},"parameters":{"poster":"Flow bot","location":"Channel","body/recipient/groupId":"8ac47dff-43b1-49bd-bd29-ccc3e5d619f4","body/recipient/channelId":"19:O9M1BfkiUEL40wxGAFlvlb8HyRtkBCu1-be60uzAAgw1@thread.tacv2","body/messageBody":"<p class=\"editor-paragraph\">Your Dynamics Lifecycle Services environment has a service status change The service for your Dynamics Lifecycle Services environment, <a class=\"editor-link\" href=\"https://lcs.dynamics.com/V2/EnvironmentDetailsV3New/1734243?EnvironmentId=02170497-ff20-483b-a2a8-6345cd90b449&amp;IsCloudEnvironment=true&amp;IsDiagnosticsEnabledEnvironment=false\">CSG-TEST</a>, has a status change.</p><ul class=\"editor-list-ul\"><li class=\"editor-listitem\">Project ID: 1734243</li><li class=\"editor-listitem\">Project name: CSG D365 F&amp;O (10.0.37)</li><li class=\"editor-listitem\">Organization name: Cook Solutions Group</li><li class=\"editor-listitem\">Environment name: CSG-TEST</li><li class=\"editor-listitem\">Status: <b><strong class=\"editor-text-bold\">In progress</strong></b></li></ul>"},"authentication":"@parameters('$authentication')"}}}}},"default":{"actions":{}},"expression":"@triggerOutputs()?['body/subject']","metadata":{"operationMetadataId":"55b1d5dd-51fe-4075-b412-6b6691452f24"},"type":"Switch","description":"This will kick in when the posting adaptive card fails. The original email will be posted as an alternative."},"Parms":{"actions":{"Subject":{"runAfter":{},"metadata":{"operationMetadataId":"37bf795f-c626-4105-af4f-9c5381e11d53"},"type":"Compose","inputs":"@triggerOutputs()?['body/subject']"},"DateTime":{"runAfter":{"Body":["Succeeded"]},"metadata":{"operationMetadataId":"8cb47c4a-e4af-45b5-9231-5a0069a75ad1"},"type":"Compose","inputs":"@concat(\r\n    convertFromUtc(\r\n        utcNow()\r\n        , 'Mountain Standard Time'\r\n        , 'yyyy-MM-dd HH:mm:ss'\r\n    )\r\n    , ' (MT)'\r\n)"},"Body":{"runAfter":{"Subject":["Succeeded"]},"metadata":{"operationMetadataId":"85f2083a-acd5-4d49-922e-1619afd6d222"},"type":"OpenApiConnection","inputs":{"host":{"apiId":"/providers/Microsoft.PowerApps/apis/shared_conversionservice","connectionName":"shared_conversionservice","operationId":"HtmlToText"},"parameters":{"Content":"<p>@{triggerOutputs()?['body/body']}</p>"},"authentication":"@parameters('$authentication')"}},"ProjectId":{"runAfter":{"Body":["Succeeded"]},"metadata":{"operationMetadataId":"31776c54-d3d8-4669-bebe-3d4a86ee69f7"},"type":"Compose","inputs":"@substring(\r\n    body('Body')\r\n    , add(\r\n        indexOf(\r\n            body('Body')\r\n            , 'Project ID:'\r\n        )\r\n        , length('Project ID: ')\r\n    )\r\n    , length('1734243')\r\n)"},"ProjectName":{"runAfter":{"ProjectId":["Succeeded"]},"metadata":{"operationMetadataId":"dd2eeb4e-4ab6-43cf-a642-3d8acfb9bc4c"},"type":"Compose","inputs":"@substring(\r\n    body('Body')\r\n    , add(\r\n        indexOf(\r\n            body('Body')\r\n            , 'Project name:'\r\n        )\r\n        , length('Project name: ')\r\n    )\r\n    , length('CSG D365 F&O (10.0.37)')\r\n)"},"Org":{"runAfter":{"ProjectName":["Succeeded"]},"metadata":{"operationMetadataId":"bf7ec26e-d961-4cff-aca4-f9403a787db3"},"type":"Compose","inputs":"@substring(\r\n    body('Body')\r\n    , add(\r\n        indexOf(\r\n            body('Body')\r\n            , 'Organization name:'\r\n        )\r\n        , length('Organization name: ')\r\n    )\r\n    , length('Cook Solutions Group')\r\n)"},"Env":{"runAfter":{"DateTime":["Succeeded"]},"metadata":{"operationMetadataId":"da0fda7a-dffa-4b06-8cc8-3f613f4ae367"},"type":"Compose","inputs":"@substring(\r\n    outputs('Subject')\r\n    , indexOf(\r\n        outputs('Subject')\r\n        , 'CSG'\r\n    )\r\n    , sub(\r\n        sub(\r\n            indexOf(\r\n                outputs('Subject')\r\n                , '|'\r\n            )\r\n            , 1\r\n        )\r\n        , indexOf(\r\n            outputs('Subject')\r\n            , 'CSG'\r\n        )\r\n    )\r\n)"},"Status":{"runAfter":{"Env":["Succeeded"]},"metadata":{"operationMetadataId":"2dfa16e2-87f3-422a-84c3-332df2b4f267"},"type":"Compose","inputs":"@substring(\r\n    outputs('Subject')\r\n    , add(\r\n        indexOf(\r\n            outputs('Subject')\r\n            , '| Current status:'\r\n        )\r\n        , length('| Current status: ')\r\n    )    \r\n)"},"EnvEmoji":{"runAfter":{"LCSurl":["Succeeded"]},"metadata":{"operationMetadataId":"de262dd1-88bd-4b10-b9c7-cd0687d8b890"},"type":"Compose","inputs":"@if(\r\n    equals(\r\n        outputs('Env')\r\n        , 'CSG'\r\n    )\r\n    , '🌎'\r\n    , if(\r\n        equals(\r\n            outputs('Env')\r\n            , 'CSG-TEST'\r\n        )\r\n        , '📊'\r\n        , '🛠️'\r\n    )\r\n)"},"Theme":{"runAfter":{"EnvEmoji":["Succeeded"]},"metadata":{"operationMetadataId":"9ba5bc8b-b4df-44dd-b631-39b4f91ade05"},"type":"Compose","inputs":"@concat(\r\n    if(\r\n        equals(\r\n            outputs('Status')\r\n            , 'Complete'\r\n        )\r\n        , 'good'\r\n        , ''\r\n    )\r\n    , if(\r\n        equals(\r\n            outputs('Status')\r\n            , 'In progress'\r\n        )\r\n        , 'accent'\r\n        , ''\r\n    )\r\n    , if(\r\n        or(\r\n            contains(\r\n                outputs('Status')\r\n                , 'failed'\r\n            )\r\n            , contains(\r\n                outputs('Status')\r\n                , 'Failed'\r\n            )\r\n        )\r\n        \r\n        , 'attention'\r\n        , ''\r\n    )\r\n)"},"LCSurl":{"runAfter":{"Status":["Succeeded"]},"metadata":{"operationMetadataId":"cf1179c9-ece4-47a8-89d4-b5cf107822c3"},"type":"Compose","inputs":"@concat(\r\n    if(\r\n        equals(\r\n            outputs('Env')\r\n            , 'csg'\r\n        )\r\n        , 'https://lcs.dynamics.com/V2/EnvironmentDetailsV3New/1734243?EnvironmentId=4fe01dc3-e787-4793-b588-5470b399795f&IsCloudEnvironment=true&IsDiagnosticsEnabledEnvironment=false'\r\n        , if (\r\n            equals(\r\n                outputs('Env')\r\n                , 'CSG-TEST'\r\n            )\r\n            , 'https://lcs.dynamics.com/V2/EnvironmentDetailsV3New/1734243?EnvironmentId=02170497-ff20-483b-a2a8-6345cd90b449&IsCloudEnvironment=true&IsDiagnosticsEnabledEnvironment=True'\r\n            , 'https://lcs.dynamics.com/DeploymentPortal/Workspace/1734243'\r\n        )\r\n    )\r\n)"}},"runAfter":{"ContractParms":["Succeeded"]},"metadata":{"operationMetadataId":"78a75839-0b56-457f-b7ca-6052aaab4905"},"type":"Scope","description":"Avoid changing any parms here. These parms are calculated."},"CardComposing":{"actions":{"Card":{"runAfter":{},"metadata":{"operationMetadataId":"68941f62-3750-45d4-97d5-a47cc810b0b5"},"type":"Compose","inputs":"@concat(\r\n    '{\r\n        \"type\": \"AdaptiveCard\",\r\n        \"$schema\": \"http://adaptivecards.io/schemas/adaptive-card.json\",\r\n        \"version\": \"1.4\",'\r\n        , if(\r\n            equals(\r\n                outputs('ShouldUseFullWidth')\r\n                , 'true'\r\n            )\r\n            , '\"msteams\": {\"width\": \"Full\"},'\r\n            , ''\r\n        )\r\n        , '\"body\": [\r\n            {\r\n                \"type\": \"ColumnSet\",\r\n                \"columns\": [\r\n                    {\r\n                        \"type\": \"Column\",\r\n                        \"width\": \"auto\",\r\n                        \"horizontalAlignment\": \"Left\",\r\n                        \"spacing\": \"Small\",\r\n                        \"items\": [\r\n                            {\r\n                                \"type\": \"Container\",\r\n                                \"items\": [\r\n                                    {\r\n                                        \"type\": \"TextBlock\",\r\n                                        \"text\": \"', outputs('EnvEmoji'), '\",\r\n                                        \"wrap\": true,\r\n                                        \"spacing\": \"Small\",\r\n                                        \"horizontalAlignment\": \"Left\",\r\n                                        \"verticalContentAlignment\": \"Center\",\r\n                                        \"size\": \"ExtraLarge\",\r\n                                        \"weight\": \"Bolder\"\r\n                                    }\r\n                                ],\r\n                                \"spacing\": \"Small\",\r\n                                \"horizontalAlignment\": \"Left\",\r\n                                \"verticalContentAlignment\": \"Center\",\r\n                                \"style\": \"default\"\r\n                            }\r\n                        ]\r\n                    },\r\n                    {\r\n                        \"type\": \"Column\",\r\n                        \"width\": \"stretch\",\r\n                        \"items\": [\r\n                            {\r\n                                \"type\": \"Container\",\r\n                                \"items\": [\r\n                                    {\r\n                                        \"type\": \"TextBlock\",\r\n                                        \"text\": \"', outputs('Env'),'\",\r\n                                        \"wrap\": true,\r\n                                        \"spacing\": \"Small\",\r\n                                        \"horizontalAlignment\": \"Left\",\r\n                                        \"size\": \"ExtraLarge\",\r\n                                        \"weight\": \"Bolder\",\r\n                                        \"color\": \"', outputs('Theme'),'\"\r\n                                    }\r\n                                ],\r\n                                \"spacing\": \"Small\",\r\n                                \"horizontalAlignment\": \"Left\",\r\n                                \"verticalContentAlignment\": \"Center\",\r\n                                \"style\": \"default\"\r\n                            }\r\n                        ]\r\n                    },\r\n                    {\r\n                        \"type\": \"Column\",\r\n                        \"width\": \"auto\",\r\n                        \"items\": [\r\n                            {\r\n                                \"type\": \"Container\",\r\n                                \"items\": [\r\n                                    {\r\n                                        \"type\": \"ActionSet\",\r\n                                        \"actions\": [\r\n                                            {\r\n                                                \"type\": \"Action.OpenUrl\",\r\n                                                \"title\": \"Open LCS\",\r\n                                                \"tooltip\": \"Open LCS page\",\r\n                                                \"url\": \"', outputs('LCSurl'), '\"\r\n                                            }\r\n                                        ],\r\n                                        \"spacing\": \"Small\",\r\n                                        \"horizontalAlignment\": \"Left\"\r\n                                    }\r\n                                ],\r\n                                \"spacing\": \"Small\",\r\n                                \"horizontalAlignment\": \"Right\",\r\n                                \"verticalContentAlignment\": \"Center\",\r\n                                \"style\": \"default\"\r\n                            }\r\n                        ]\r\n                    }\r\n                ]\r\n            },\r\n            {\r\n                \"type\": \"Container\",\r\n                \"items\": [\r\n                    {\r\n                        \"type\": \"TextBlock\",\r\n                        \"text\": \"', concat('Current status: ', outputs('Status')), '\",\r\n                        \"wrap\": true,\r\n                        \"size\": \"Large\",\r\n                        \"weight\": \"Bolder\",\r\n                        \"color\": \"', outputs('Theme'),'\"\r\n                    }\r\n                ],\r\n                \"verticalContentAlignment\": \"Center\",\r\n                \"horizontalAlignment\": \"Left\",\r\n                \"spacing\": \"Small\",\r\n                \"style\": \"', outputs('Theme'), '\",\r\n                \"bleed\": true\r\n            },\r\n            {\r\n                \"type\": \"Container\",\r\n                \"items\": [\r\n                    {\r\n                        \"type\": \"FactSet\",\r\n                        \"facts\": [\r\n                            {\r\n                                \"title\": \"Time\",\r\n                                \"value\": \"', outputs('DateTime'),'\"\r\n                            },\r\n                            {\r\n                                \"title\": \"Organisation\",\r\n                                \"value\": \"', outputs('Org'),'\"\r\n                            },\r\n                            {\r\n                                \"title\": \"Project Name\",\r\n                                \"value\": \"', outputs('ProjectName'),'\"\r\n                            },\r\n                            {\r\n                                \"title\": \"Project Id\",\r\n                                \"value\": \"', outputs('ProjectId'),'\"\r\n                            }\r\n                        ]\r\n                    }\r\n                ],\r\n                \"spacing\": \"Small\",\r\n                \"horizontalAlignment\": \"Left\",\r\n                \"verticalContentAlignment\": \"Center\",\r\n                \"style\": \"emphasis\",\r\n                \"bleed\": true\r\n            },\r\n            {\r\n                \"type\": \"Container\",\r\n                \"items\": [\r\n                    {\r\n                        \"type\": \"TextBlock\",\r\n                        \"text\": \"', \r\n                            if(\r\n                                equals(\r\n                                    outputs('Status')\r\n                                    , 'Complete'\r\n                                )\r\n                                , outputs('StaticTextComplete')\r\n                                , if(\r\n                                    equals(\r\n                                        outputs('Status')\r\n                                        , 'In progress'\r\n                                    )\r\n                                    , outputs('StaticTextInProgress')\r\n                                    , ''\r\n                                )\r\n                            ) , '\",\r\n                        \"wrap\": true,\r\n                        \"spacing\": \"Small\",\r\n                        \"horizontalAlignment\": \"Left\",\r\n                        \"size\": \"Small\",\r\n                        \"weight\": \"Lighter\",\r\n                        \"isSubtle\": true,\r\n                        \"color\": \"Default\"\r\n                    }\r\n                ],\r\n                \"spacing\": \"Small\",\r\n                \"horizontalAlignment\": \"Left\",\r\n                \"verticalContentAlignment\": \"Center\",\r\n                \"bleed\": true,\r\n                \"style\": \"default\"\r\n            }\r\n        ]\r\n    }'\r\n)","description":"Card's schema. Keep this one as original as possible. Avoid changing it. This card contains footers (instructions for public audience)."},"SampleJSONManipulation":{"runAfter":{"Card":["Succeeded"]},"metadata":{"operationMetadataId":"4311503a-b7b1-4a3b-9c16-6e29a1a106e0"},"type":"Compose","inputs":"Below code will replace the environment name on the card, for example.\n\nsetProperty(\n    outputs('Card')\n    , 'body'\n    , setProperty(\n        outputs('Card')['body']\n        , createArray(\n            setProperty(\n                outputs('Card')['body'][0]\n                , 'columns'\n                , createArray(\n                    outputs('Card')['body'][0]['columns'][0]\n                    , setProperty(\n                        outputs('Card')['body'][0]['columns'][1]['items']\n                        , createArray(\n                            setProperty(\n                                outputs('Card')['body'][0]['columns'][1]['items'][0]['items']\n                                , createArray(\n                                    setProperty(\n                                        outputs('Card')['body'][0]['columns'][1]['items'][0]['items'][0]\n                                        , 'text'\n                                        , 'Some new text'\n                                    )\n                                )\n                            )\n                        )\n                    )\n                    , outputs('Card')['body'][0]['columns'][2]\n                )\n            )\n            , outputs('Card')['body'][1]\n            , outputs('Card')['body'][2]\n            , outputs('Card')['body'][3]\n        )\n    )\n)","description":"More details: https://learn.microsoft.com/en-us/azure/logic-apps/workflow-definition-language-functions-reference#manipulation-functions-json--xml."},"CardInternal":{"runAfter":{"Card":["Succeeded"]},"metadata":{"operationMetadataId":"e432138e-a546-43b9-9e42-dd9d10a131b9"},"type":"Compose","inputs":"@concat(\r\n    '{\r\n        \"type\": \"AdaptiveCard\",\r\n        \"$schema\": \"http://adaptivecards.io/schemas/adaptive-card.json\",\r\n        \"version\": \"1.4\",'\r\n        , if(\r\n            equals(\r\n                outputs('ShouldUseFullWidth')\r\n                , 'true'\r\n            )\r\n            , '\"msteams\": {\"width\": \"Full\"},'\r\n            , ''\r\n        )\r\n        , '\"body\": [\r\n            {\r\n                \"type\": \"ColumnSet\",\r\n                \"columns\": [\r\n                    {\r\n                        \"type\": \"Column\",\r\n                        \"width\": \"auto\",\r\n                        \"horizontalAlignment\": \"Left\",\r\n                        \"spacing\": \"Small\",\r\n                        \"items\": [\r\n                            {\r\n                                \"type\": \"Container\",\r\n                                \"items\": [\r\n                                    {\r\n                                        \"type\": \"TextBlock\",\r\n                                        \"text\": \"', outputs('EnvEmoji'), '\",\r\n                                        \"wrap\": true,\r\n                                        \"spacing\": \"Small\",\r\n                                        \"horizontalAlignment\": \"Left\",\r\n                                        \"verticalContentAlignment\": \"Center\",\r\n                                        \"size\": \"ExtraLarge\",\r\n                                        \"weight\": \"Bolder\"\r\n                                    }\r\n                                ],\r\n                                \"spacing\": \"Small\",\r\n                                \"horizontalAlignment\": \"Left\",\r\n                                \"verticalContentAlignment\": \"Center\",\r\n                                \"style\": \"default\"\r\n                            }\r\n                        ]\r\n                    },\r\n                    {\r\n                        \"type\": \"Column\",\r\n                        \"width\": \"stretch\",\r\n                        \"items\": [\r\n                            {\r\n                                \"type\": \"Container\",\r\n                                \"items\": [\r\n                                    {\r\n                                        \"type\": \"TextBlock\",\r\n                                        \"text\": \"', outputs('Env'),'\",\r\n                                        \"wrap\": true,\r\n                                        \"spacing\": \"Small\",\r\n                                        \"horizontalAlignment\": \"Left\",\r\n                                        \"size\": \"ExtraLarge\",\r\n                                        \"weight\": \"Bolder\",\r\n                                        \"color\": \"', outputs('Theme'),'\"\r\n                                    }\r\n                                ],\r\n                                \"spacing\": \"Small\",\r\n                                \"horizontalAlignment\": \"Left\",\r\n                                \"verticalContentAlignment\": \"Center\",\r\n                                \"style\": \"default\"\r\n                            }\r\n                        ]\r\n                    },\r\n                    {\r\n                        \"type\": \"Column\",\r\n                        \"width\": \"auto\",\r\n                        \"items\": [\r\n                            {\r\n                                \"type\": \"Container\",\r\n                                \"items\": [\r\n                                    {\r\n                                        \"type\": \"ActionSet\",\r\n                                        \"actions\": [\r\n                                            {\r\n                                                \"type\": \"Action.OpenUrl\",\r\n                                                \"title\": \"Open LCS\",\r\n                                                \"tooltip\": \"Open LCS page\",\r\n                                                \"url\": \"', outputs('LCSurl'), '\"\r\n                                            }\r\n                                        ],\r\n                                        \"spacing\": \"Small\",\r\n                                        \"horizontalAlignment\": \"Left\"\r\n                                    }\r\n                                ],\r\n                                \"spacing\": \"Small\",\r\n                                \"horizontalAlignment\": \"Right\",\r\n                                \"verticalContentAlignment\": \"Center\",\r\n                                \"style\": \"default\"\r\n                            }\r\n                        ]\r\n                    }\r\n                ]\r\n            },\r\n            {\r\n                \"type\": \"Container\",\r\n                \"items\": [\r\n                    {\r\n                        \"type\": \"TextBlock\",\r\n                        \"text\": \"', concat('Current status: ', outputs('Status')), '\",\r\n                        \"wrap\": true,\r\n                        \"size\": \"Large\",\r\n                        \"weight\": \"Bolder\",\r\n                        \"color\": \"', outputs('Theme'),'\"\r\n                    }\r\n                ],\r\n                \"verticalContentAlignment\": \"Center\",\r\n                \"horizontalAlignment\": \"Left\",\r\n                \"spacing\": \"Small\",\r\n                \"style\": \"', outputs('Theme'), '\",\r\n                \"bleed\": true\r\n            },\r\n            {\r\n                \"type\": \"Container\",\r\n                \"items\": [\r\n                    {\r\n                        \"type\": \"FactSet\",\r\n                        \"facts\": [\r\n                            {\r\n                                \"title\": \"Time\",\r\n                                \"value\": \"', outputs('DateTime'),'\"\r\n                            },\r\n                            {\r\n                                \"title\": \"Organisation\",\r\n                                \"value\": \"', outputs('Org'),'\"\r\n                            },\r\n                            {\r\n                                \"title\": \"Project Name\",\r\n                                \"value\": \"', outputs('ProjectName'),'\"\r\n                            },\r\n                            {\r\n                                \"title\": \"Project Id\",\r\n                                \"value\": \"', outputs('ProjectId'),'\"\r\n                            }\r\n                        ]\r\n                    }\r\n                ],\r\n                \"spacing\": \"Small\",\r\n                \"horizontalAlignment\": \"Left\",\r\n                \"verticalContentAlignment\": \"Center\",\r\n                \"style\": \"emphasis\",\r\n                \"bleed\": true\r\n            }\r\n        ]\r\n    }'\r\n)","description":"This card does not contain footers as the targeted audience here are the internal Devs."}},"runAfter":{"Parms":["Succeeded"]},"metadata":{"operationMetadataId":"12181da9-1b60-40a0-8da0-d39ad4da2cc5"},"type":"Scope","description":"Avoid changing the card's schema. For any requirements for changes, use JSON manipulation functions in other Compose actions. Check Sample below."},"ContractParms":{"actions":{"IsTesting":{"runAfter":{},"metadata":{"operationMetadataId":"3598876e-6fb7-4760-8978-1a14891fbeef"},"type":"Compose","inputs":false,"description":"true --> Post to channel \"Test Power Automate\" | false --> Post to targeted channels in https://dev.azure.com/cooksecuritygroup/Dynamics%20365/_workitems/edit/17549."},"StaticTextInProgress":{"runAfter":{"IsTesting":["Succeeded"]},"metadata":{"operationMetadataId":"fc3ba6f0-acd1-4a7c-b727-a180fc5377e7"},"type":"Compose","inputs":"Updates are in the process of being released to Dynamics 365. During this time, you may experience a service interruption for one or more of the following:\\n\n⠀⠀• Dynamics 365\\n\n⠀⠀• Command Center\\n\n⠀⠀• ADS\\n\n⠀⠀• EmailToTicket\\n\nWe will post here once the deployment is complete.","description":"Bottom text when In progress."},"StaticTextComplete":{"runAfter":{"StaticTextInProgress":["Succeeded"]},"metadata":{"operationMetadataId":"f883bfe0-d3ca-4b57-8b47-45e368612282"},"type":"Compose","inputs":"The deployment is now complete and all services should be in operation. If you experience any issues, please post here or submit a ticket to Helpdesk.","description":"Bottom text when Complete."},"ShouldUseFullWidth":{"runAfter":{"IsTesting":["Succeeded"]},"metadata":{"operationMetadataId":"adc5ecb6-dbf8-47c9-ac6e-a6906c31302c"},"type":"Compose","inputs":false,"description":"true --> The card will be full width in Teams channel | false --> default width"}},"runAfter":{},"metadata":{"operationMetadataId":"29513f91-25bd-4731-9805-2a9d331fdf9d"},"type":"Scope","description":"Set parms here to control the bahaviour of the FLOW."},"Main":{"actions":{"PostOrPostTest":{"actions":{"PostTest":{"actions":{"NameChannelTest":{"runAfter":{},"metadata":{"operationMetadataId":"3b095285-8d21-48a1-a730-daf250d4b2a5"},"type":"Compose","inputs":"@if(\r\n    equals(\r\n        outputs('Env')\r\n        , 'CSG'\r\n    )\r\n    , createArray(\r\n        'Test 2'\r\n    )\r\n    , createArray(\r\n        'Test 1'\r\n        , 'Test 2'\r\n        , 'Test 5'\r\n    )\r\n)"},"ListChannelTest":{"runAfter":{"NameChannelTest":["Succeeded"]},"metadata":{"operationMetadataId":"9a0dd871-bf6f-4f24-b260-be752f6060d3"},"type":"OpenApiConnection","inputs":{"host":{"apiId":"/providers/Microsoft.PowerApps/apis/shared_teams","connectionName":"shared_teams","operationId":"GetChannelsForGroup"},"parameters":{"groupId":"8ac47dff-43b1-49bd-bd29-ccc3e5d619f4"},"authentication":"@parameters('$authentication')"}},"LoopPostTest":{"foreach":"@outputs('NameChannelTest')","actions":{"PostTestLoop":{"actions":{"FilterChannelTest":{"runAfter":{},"metadata":{"operationMetadataId":"7bd9568d-ebe3-4656-a09e-96856f04bbe8"},"type":"Query","inputs":{"from":"@outputs('ListChannelTest')?['body/value']","where":"@contains(item()?['displayName'], items('LoopPostTest'))"}},"IdChannelTest":{"runAfter":{"FilterChannelTest":["Succeeded"]},"metadata":{"operationMetadataId":"54636ebe-91e1-42e2-8f06-bb0b4041a0c3"},"type":"Compose","inputs":"@first(\r\n    body('FilterChannelTest')\r\n)['id']"},"PostCardTest":{"runAfter":{"IdChannelTest":["Succeeded"]},"metadata":{"operationMetadataId":"d385fc85-26eb-46b7-8948-d93b6d40ce3a"},"type":"OpenApiConnection","inputs":{"host":{"apiId":"/providers/Microsoft.PowerApps/apis/shared_teams","connectionName":"shared_teams","operationId":"PostCardToConversation"},"parameters":{"poster":"User","location":"Channel","body/recipient/groupId":"8ac47dff-43b1-49bd-bd29-ccc3e5d619f4","body/recipient/channelId":"@outputs('IdChannelTest')","body/messageBody":"@outputs('CardInternal')"},"authentication":"@parameters('$authentication')"}}},"runAfter":{},"metadata":{"operationMetadataId":"969c67f1-7edd-4d4e-9b41-d40d44ea7679"},"type":"Scope"}},"runAfter":{"ListChannelTest":["Succeeded"]},"metadata":{"operationMetadataId":"cc2bfcee-b76c-4c32-87eb-7e9aae6babcc"},"type":"Foreach"}},"runAfter":{},"metadata":{"operationMetadataId":"76b45f0b-3c1f-4e29-b037-46306a07d186"},"type":"Scope","description":"This works just fine but we will post by WebHook. Let's keep this one here for testing purpose just in case."}},"runAfter":{},"else":{"actions":{"PostingMethod":{"runAfter":{},"metadata":{"operationMetadataId":"4297d254-1c2a-4aa3-8a33-fe536fb9cd7b"},"type":"Compose","inputs":"WebhookOnly"},"ShouldPostByTeams":{"actions":{"PostReal":{"actions":{"PostPRODAndSandboxInternal":{"runAfter":{},"metadata":{"operationMetadataId":"e91bdc15-e986-4155-8013-ce13922b150a"},"type":"OpenApiConnection","inputs":{"host":{"apiId":"/providers/Microsoft.PowerApps/apis/shared_teams","connectionName":"shared_teams","operationId":"PostCardToConversation"},"parameters":{"poster":"Flow bot","location":"Channel","body/recipient/groupId":"d5187658-ec80-480e-9c43-f3c2a981ca16","body/recipient/channelId":"19:1744ecef6e22475293229986f9ee42ba@thread.skype","body/messageBody":"@outputs('CardInternal')"},"authentication":"@parameters('$authentication')"}},"IsPROD":{"actions":{"PostPRODPublic":{"runAfter":{},"metadata":{"operationMetadataId":"e91bdc15-e986-4155-8013-ce13922b150a"},"type":"OpenApiConnection","inputs":{"host":{"apiId":"/providers/Microsoft.PowerApps/apis/shared_teams","connectionName":"shared_teams","operationId":"PostCardToConversation"},"parameters":{"poster":"Flow bot","location":"Channel","body/recipient/groupId":"ecfdd27c-8466-4ab7-a385-3a81a65e1042","body/recipient/channelId":"19:5d31814e95354f05877ae6590f5f7825@thread.skype","body/messageBody":"@outputs('Card')"},"authentication":"@parameters('$authentication')"}}},"runAfter":{"PostPRODAndSandboxInternal":["Succeeded"]},"expression":{"equals":["@outputs('Env')","csg"]},"metadata":{"operationMetadataId":"ace411ce-cec4-4e07-8019-60f123070e7b"},"type":"If"}},"runAfter":{},"metadata":{"operationMetadataId":"b694c5a6-b014-4c0b-bc7f-96243127623a"},"type":"Scope"}},"runAfter":{"PostingMethod":["Succeeded"]},"else":{"actions":{"Webhook":{"actions":{"WebhookURI-Dev":{"runAfter":{},"metadata":{"operationMetadataId":"fbb5b229-20a8-472f-8575-3944cbd09d71"},"type":"Compose","inputs":"https://cookgroup.webhook.office.com/webhookb2/d5187658-ec80-480e-9c43-f3c2a981ca16@42f5d683-190c-4eb3-94b5-dc236434ade6/IncomingWebhook/9e6000da624844a3b9d61edf16105e9b/e00752d2-5a4c-48c5-9ba7-5ff8961fa0af","description":"Technology > Software Development"},"WebhookCardDev":{"runAfter":{"WebhookURI-Dev":["Succeeded"]},"metadata":{"operationMetadataId":"d063a377-e44c-4251-b1ac-f2a3ab51e655"},"type":"Compose","inputs":"@json(\r\n\tconcat(\r\n\t\t'{\r\n\t\t\t\"type\": \"message\",\r\n\t\t\t\"attachments\": [\r\n\t\t\t\t{\r\n\t\t\t\t\t\"contentType\": \"application/vnd.microsoft.card.adaptive\",\r\n\t\t\t\t\t\"contentUrl\": null,\r\n\t\t\t\t\t\"content\":', json(outputs('CardInternal')), '\r\n\t\t\t\t}\r\n\t\t\t]\r\n\t\t}'\r\n\t)\r\n)\r\n"},"Post-Technology-SoftwareDevelopment":{"runAfter":{"WebhookCardDev":["Succeeded"]},"metadata":{"operationMetadataId":"0da0de62-8fba-4d4f-8606-c0d0ca3a5572"},"type":"Http","inputs":{"method":"POST","uri":"@{outputs('WebhookURI-Dev')}","headers":{"Content-Type":"application/json"},"body":"@outputs('WebhookCardDev')"},"description":"Post to Technology > Software Development for both TEST and PROD. Hence, this action will not need any condition. In other words, it will always be executed."},"ShouldPostPRODForPublic":{"actions":{"Post-Public":{"runAfter":{"WebhookCardPublic":["Succeeded"]},"metadata":{"operationMetadataId":"4db5a23e-18f7-44f5-874d-309a3e72430d"},"type":"Http","inputs":{"method":"POST","uri":"@{outputs('WebhookURI-Public')}","headers":{"Content-Type":"application/json"},"body":"@outputs('WebhookCardPublic')"},"description":"Post to Public for only PROD. Hence, the condition above."},"WebhookURI-Public":{"runAfter":{},"metadata":{"operationMetadataId":"73442bea-9712-4261-8198-d04b92ee677e"},"type":"Compose","inputs":"https://cookgroup.webhook.office.com/webhookb2/ecfdd27c-8466-4ab7-a385-3a81a65e1042@42f5d683-190c-4eb3-94b5-dc236434ade6/IncomingWebhook/eea4cf9772c64d24a1b8eeb6904c8a52/e00752d2-5a4c-48c5-9ba7-5ff8961fa0af","description":"CSG Public > Technology"},"WebhookCardPublic":{"runAfter":{"WebhookURI-Public":["Succeeded"]},"metadata":{"operationMetadataId":"c21a8308-0e29-411d-9dbd-957bd50f30a1"},"type":"Compose","inputs":"@json(\n\tconcat(\n\t\t'{\n\t\t\t\"type\": \"message\",\n\t\t\t\"attachments\": [\n\t\t\t\t{\n\t\t\t\t\t\"contentType\": \"application/vnd.microsoft.card.adaptive\",\n\t\t\t\t\t\"contentUrl\": null,\n\t\t\t\t\t\"content\":', json(outputs('Card')), '\n\t\t\t\t}\n\t\t\t]\n\t\t}'\n\t)\n)\n"}},"runAfter":{"WebhookURI-Dev":["Succeeded"]},"expression":{"equals":["@outputs('Env')","csg"]},"metadata":{"operationMetadataId":"ad0c7351-5b0c-4ee1-9691-3178677e9018"},"type":"If","description":"Post to Public for only PROD. Hence, the condition here."}},"runAfter":{},"metadata":{"operationMetadataId":"5479c5bc-fb22-4149-b09b-47483dc34796"},"type":"Scope"}}},"expression":{"contains":["@outputs('PostingMethod')","TeamsBot"]},"metadata":{"operationMetadataId":"22fc1cf0-0c1d-4e03-97bb-c80574b412b2"},"type":"If"}}},"expression":{"equals":["@outputs('IsTesting')",true]},"metadata":{"operationMetadataId":"b9bf01f0-92bd-4b09-abb0-a72b60f9ad05"},"type":"If"}},"runAfter":{"CardComposing":["Succeeded"]},"metadata":{"operationMetadataId":"d1b42a81-db22-4c5e-b800-e3d1f71b8a97"},"type":"Scope"}},"outputs":{}},"connectionReferences":{"shared_teams":{"connectionName":"shared-teams-9eaf59fe-f702-4e00-a83c-2bfd3d6c5f35","source":"Embedded","id":"/providers/Microsoft.PowerApps/apis/shared_teams","tier":"NotSpecified"},"shared_conversionservice":{"connectionName":"shared-conversionser-a10009aa-06fd-4027-ac8c-cd5cbd9ff6cd","source":"Embedded","id":"/providers/Microsoft.PowerApps/apis/shared_conversionservice","tier":"NotSpecified"},"shared_office365":{"connectionName":"shared-office365-2c217442-0927-4223-ab7c-70fc1ca86426","source":"Embedded","id":"/providers/Microsoft.PowerApps/apis/shared_office365","tier":"NotSpecified"}},"flowFailureAlertSubscribed":false,"isManaged":false}}